{
    "RandomForest": {
        "r2": 0.9688515823613482,
        "rmse": 168.3458008149248,
        "mae": 12.816383106521608
    },
    "XGBoost": {
        "r2": 0.9575672887720952,
        "rmse": 196.48739019341645,
        "mae": 14.222729561228974
    }
}